split,tile,z,x,y,retrieved_train_tile,retrieved_same_zoom,feature_distance,mae_rgb,psnr_rgb,global_ssim_luma,val_rs_path,generated_map_path,target_map_path
val,14_7965_5111,14,7965,5111,14_7970_5117,True,0.031482,24.001577,17.158631,-0.155096,data/raw/SCGM/extracted/TMGN_1814/val/rs_256/14_7965_5111.png,experiments/03_scgm_subset_reproduction/outputs/scgm_retrieval_baseline_generated_maps/14_7965_5111_retrieval.png,data/raw/SCGM/extracted/TMGN_1814/val/map_256/14_7965_5111.png
val,14_7969_5110,14,7969,5110,14_7972_5105,True,0.057237,16.764902,18.792793,0.483723,data/raw/SCGM/extracted/TMGN_1814/val/rs_256/14_7969_5110.png,experiments/03_scgm_subset_reproduction/outputs/scgm_retrieval_baseline_generated_maps/14_7969_5110_retrieval.png,data/raw/SCGM/extracted/TMGN_1814/val/map_256/14_7969_5110.png
val,14_7970_5120,14,7970,5120,14_7970_5121,True,0.052208,1.474523,28.959952,0.734811,data/raw/SCGM/extracted/TMGN_1814/val/rs_256/14_7970_5120.png,experiments/03_scgm_subset_reproduction/outputs/scgm_retrieval_baseline_generated_maps/14_7970_5120_retrieval.png,data/raw/SCGM/extracted/TMGN_1814/val/map_256/14_7970_5120.png
val,14_7970_5124,14,7970,5124,14_7970_5125,True,0.032832,5.024226,22.086173,0.362278,data/raw/SCGM/extracted/TMGN_1814/val/rs_256/14_7970_5124.png,experiments/03_scgm_subset_reproduction/outputs/scgm_retrieval_baseline_generated_maps/14_7970_5124_retrieval.png,data/raw/SCGM/extracted/TMGN_1814/val/map_256/14_7970_5124.png
val,14_7973_5126,14,7973,5126,14_7974_5124,True,0.026287,9.719772,22.217035,0.289223,data/raw/SCGM/extracted/TMGN_1814/val/rs_256/14_7973_5126.png,experiments/03_scgm_subset_reproduction/outputs/scgm_retrieval_baseline_generated_maps/14_7973_5126_retrieval.png,data/raw/SCGM/extracted/TMGN_1814/val/map_256/14_7973_5126.png
val,14_7974_5109,14,7974,5109,14_7976_5120,True,0.081942,13.461263,20.772149,0.253930,data/raw/SCGM/extracted/TMGN_1814/val/rs_256/14_7974_5109.png,experiments/03_scgm_subset_reproduction/outputs/scgm_retrieval_baseline_generated_maps/14_7974_5109_retrieval.png,data/raw/SCGM/extracted/TMGN_1814/val/map_256/14_7974_5109.png
val,14_7976_5122,14,7976,5122,14_7975_5124,True,0.025713,25.497766,18.093825,0.322624,data/raw/SCGM/extracted/TMGN_1814/val/rs_256/14_7976_5122.png,experiments/03_scgm_subset_reproduction/outputs/scgm_retrieval_baseline_generated_maps/14_7976_5122_retrieval.png,data/raw/SCGM/extracted/TMGN_1814/val/map_256/14_7976_5122.png
val,14_7978_5122,14,7978,5122,14_7973_5129,True,0.078978,10.149521,20.663226,0.200167,data/raw/SCGM/extracted/TMGN_1814/val/rs_256/14_7978_5122.png,experiments/03_scgm_subset_reproduction/outputs/scgm_retrieval_baseline_generated_maps/14_7978_5122_retrieval.png,data/raw/SCGM/extracted/TMGN_1814/val/map_256/14_7978_5122.png
val,14_7978_5126,14,7978,5126,14_7975_5127,True,0.056113,1.220067,33.599772,0.690075,data/raw/SCGM/extracted/TMGN_1814/val/rs_256/14_7978_5126.png,experiments/03_scgm_subset_reproduction/outputs/scgm_retrieval_baseline_generated_maps/14_7978_5126_retrieval.png,data/raw/SCGM/extracted/TMGN_1814/val/map_256/14_7978_5126.png
val,14_7980_5111,14,7980,5111,14_7975_5126,True,0.047111,2.675395,28.879737,0.431412,data/raw/SCGM/extracted/TMGN_1814/val/rs_256/14_7980_5111.png,experiments/03_scgm_subset_reproduction/outputs/scgm_retrieval_baseline_generated_maps/14_7980_5111_retrieval.png,data/raw/SCGM/extracted/TMGN_1814/val/map_256/14_7980_5111.png
val,14_7980_5115,14,7980,5115,14_7974_5120,True,0.047148,29.399048,16.779606,0.002579,data/raw/SCGM/extracted/TMGN_1814/val/rs_256/14_7980_5115.png,experiments/03_scgm_subset_reproduction/outputs/scgm_retrieval_baseline_generated_maps/14_7980_5115_retrieval.png,data/raw/SCGM/extracted/TMGN_1814/val/map_256/14_7980_5115.png
val,14_7980_5129,14,7980,5129,14_7975_5122,True,0.030009,31.287851,17.119014,0.534180,data/raw/SCGM/extracted/TMGN_1814/val/rs_256/14_7980_5129.png,experiments/03_scgm_subset_reproduction/outputs/scgm_retrieval_baseline_generated_maps/14_7980_5129_retrieval.png,data/raw/SCGM/extracted/TMGN_1814/val/map_256/14_7980_5129.png
val,14_7980_5147,14,7980,5147,14_7975_5130,True,0.075931,7.094925,23.790128,0.228709,data/raw/SCGM/extracted/TMGN_1814/val/rs_256/14_7980_5147.png,experiments/03_scgm_subset_reproduction/outputs/scgm_retrieval_baseline_generated_maps/14_7980_5147_retrieval.png,data/raw/SCGM/extracted/TMGN_1814/val/map_256/14_7980_5147.png
val,14_7981_5126,14,7981,5126,14_7973_5124,True,0.024707,31.099070,17.122020,0.460448,data/raw/SCGM/extracted/TMGN_1814/val/rs_256/14_7981_5126.png,experiments/03_scgm_subset_reproduction/outputs/scgm_retrieval_baseline_generated_maps/14_7981_5126_retrieval.png,data/raw/SCGM/extracted/TMGN_1814/val/map_256/14_7981_5126.png
val,14_7981_5132,14,7981,5132,14_7974_5128,True,0.061260,3.265869,27.018183,0.368281,data/raw/SCGM/extracted/TMGN_1814/val/rs_256/14_7981_5132.png,experiments/03_scgm_subset_reproduction/outputs/scgm_retrieval_baseline_generated_maps/14_7981_5132_retrieval.png,data/raw/SCGM/extracted/TMGN_1814/val/map_256/14_7981_5132.png
val,14_7981_5147,14,7981,5147,14_7975_5130,True,0.048336,9.417435,22.407733,0.217330,data/raw/SCGM/extracted/TMGN_1814/val/rs_256/14_7981_5147.png,experiments/03_scgm_subset_reproduction/outputs/scgm_retrieval_baseline_generated_maps/14_7981_5147_retrieval.png,data/raw/SCGM/extracted/TMGN_1814/val/map_256/14_7981_5147.png
val,14_7982_5143,14,7982,5143,14_7974_5130,True,0.041071,10.570994,22.147598,0.231046,data/raw/SCGM/extracted/TMGN_1814/val/rs_256/14_7982_5143.png,experiments/03_scgm_subset_reproduction/outputs/scgm_retrieval_baseline_generated_maps/14_7982_5143_retrieval.png,data/raw/SCGM/extracted/TMGN_1814/val/map_256/14_7982_5143.png
val,14_7983_5104,14,7983,5104,14_7973_5105,True,0.043065,19.732550,17.698038,0.071533,data/raw/SCGM/extracted/TMGN_1814/val/rs_256/14_7983_5104.png,experiments/03_scgm_subset_reproduction/outputs/scgm_retrieval_baseline_generated_maps/14_7983_5104_retrieval.png,data/raw/SCGM/extracted/TMGN_1814/val/map_256/14_7983_5104.png
val,14_7983_5113,14,7983,5113,14_7969_5111,True,0.044835,23.977478,16.933190,0.174137,data/raw/SCGM/extracted/TMGN_1814/val/rs_256/14_7983_5113.png,experiments/03_scgm_subset_reproduction/outputs/scgm_retrieval_baseline_generated_maps/14_7983_5113_retrieval.png,data/raw/SCGM/extracted/TMGN_1814/val/map_256/14_7983_5113.png
val,14_7983_5129,14,7983,5129,14_7974_5127,True,0.029257,3.504242,27.002246,0.414052,data/raw/SCGM/extracted/TMGN_1814/val/rs_256/14_7983_5129.png,experiments/03_scgm_subset_reproduction/outputs/scgm_retrieval_baseline_generated_maps/14_7983_5129_retrieval.png,data/raw/SCGM/extracted/TMGN_1814/val/map_256/14_7983_5129.png
val,14_7983_5139,14,7983,5139,14_7971_5109,True,0.049395,13.738194,20.051229,0.282468,data/raw/SCGM/extracted/TMGN_1814/val/rs_256/14_7983_5139.png,experiments/03_scgm_subset_reproduction/outputs/scgm_retrieval_baseline_generated_maps/14_7983_5139_retrieval.png,data/raw/SCGM/extracted/TMGN_1814/val/map_256/14_7983_5139.png
val,14_7984_5106,14,7984,5106,14_7974_5105,True,0.061649,18.603403,18.860221,0.244294,data/raw/SCGM/extracted/TMGN_1814/val/rs_256/14_7984_5106.png,experiments/03_scgm_subset_reproduction/outputs/scgm_retrieval_baseline_generated_maps/14_7984_5106_retrieval.png,data/raw/SCGM/extracted/TMGN_1814/val/map_256/14_7984_5106.png
val,14_7985_5117,14,7985,5117,14_7972_5126,True,0.115815,16.687155,19.880706,0.258297,data/raw/SCGM/extracted/TMGN_1814/val/rs_256/14_7985_5117.png,experiments/03_scgm_subset_reproduction/outputs/scgm_retrieval_baseline_generated_maps/14_7985_5117_retrieval.png,data/raw/SCGM/extracted/TMGN_1814/val/map_256/14_7985_5117.png
val,14_7985_5137,14,7985,5137,14_7966_5109,True,0.049434,14.203568,18.643146,0.069503,data/raw/SCGM/extracted/TMGN_1814/val/rs_256/14_7985_5137.png,experiments/03_scgm_subset_reproduction/outputs/scgm_retrieval_baseline_generated_maps/14_7985_5137_retrieval.png,data/raw/SCGM/extracted/TMGN_1814/val/map_256/14_7985_5137.png
val,14_7987_5121,14,7987,5121,14_7971_5108,True,0.052429,26.076532,17.564619,0.320478,data/raw/SCGM/extracted/TMGN_1814/val/rs_256/14_7987_5121.png,experiments/03_scgm_subset_reproduction/outputs/scgm_retrieval_baseline_generated_maps/14_7987_5121_retrieval.png,data/raw/SCGM/extracted/TMGN_1814/val/map_256/14_7987_5121.png
val,14_7987_5125,14,7987,5125,14_7974_5127,True,0.056454,3.138489,27.551863,0.457799,data/raw/SCGM/extracted/TMGN_1814/val/rs_256/14_7987_5125.png,experiments/03_scgm_subset_reproduction/outputs/scgm_retrieval_baseline_generated_maps/14_7987_5125_retrieval.png,data/raw/SCGM/extracted/TMGN_1814/val/map_256/14_7987_5125.png
val,14_7987_5135,14,7987,5135,14_7973_5129,True,0.068672,9.866176,20.431701,0.191824,data/raw/SCGM/extracted/TMGN_1814/val/rs_256/14_7987_5135.png,experiments/03_scgm_subset_reproduction/outputs/scgm_retrieval_baseline_generated_maps/14_7987_5135_retrieval.png,data/raw/SCGM/extracted/TMGN_1814/val/map_256/14_7987_5135.png
val,14_7988_5104,14,7988,5104,14_7972_5106,True,0.043384,6.168182,23.687753,0.216232,data/raw/SCGM/extracted/TMGN_1814/val/rs_256/14_7988_5104.png,experiments/03_scgm_subset_reproduction/outputs/scgm_retrieval_baseline_generated_maps/14_7988_5104_retrieval.png,data/raw/SCGM/extracted/TMGN_1814/val/map_256/14_7988_5104.png
val,14_7988_5108,14,7988,5108,14_7973_5106,True,0.080923,16.581335,18.044930,0.114019,data/raw/SCGM/extracted/TMGN_1814/val/rs_256/14_7988_5108.png,experiments/03_scgm_subset_reproduction/outputs/scgm_retrieval_baseline_generated_maps/14_7988_5108_retrieval.png,data/raw/SCGM/extracted/TMGN_1814/val/map_256/14_7988_5108.png
val,14_7988_5143,14,7988,5143,14_7970_5116,True,0.057416,32.017780,16.901087,0.304399,data/raw/SCGM/extracted/TMGN_1814/val/rs_256/14_7988_5143.png,experiments/03_scgm_subset_reproduction/outputs/scgm_retrieval_baseline_generated_maps/14_7988_5143_retrieval.png,data/raw/SCGM/extracted/TMGN_1814/val/map_256/14_7988_5143.png
val,14_7989_5118,14,7989,5118,14_7971_5124,True,0.156332,9.762410,22.003070,0.222170,data/raw/SCGM/extracted/TMGN_1814/val/rs_256/14_7989_5118.png,experiments/03_scgm_subset_reproduction/outputs/scgm_retrieval_baseline_generated_maps/14_7989_5118_retrieval.png,data/raw/SCGM/extracted/TMGN_1814/val/map_256/14_7989_5118.png
val,14_7989_5138,14,7989,5138,14_7975_5120,True,0.060466,31.727945,16.937254,0.457440,data/raw/SCGM/extracted/TMGN_1814/val/rs_256/14_7989_5138.png,experiments/03_scgm_subset_reproduction/outputs/scgm_retrieval_baseline_generated_maps/14_7989_5138_retrieval.png,data/raw/SCGM/extracted/TMGN_1814/val/map_256/14_7989_5138.png
val,14_7990_5109,14,7990,5109,14_7971_5128,True,0.084336,19.112570,17.551282,0.270207,data/raw/SCGM/extracted/TMGN_1814/val/rs_256/14_7990_5109.png,experiments/03_scgm_subset_reproduction/outputs/scgm_retrieval_baseline_generated_maps/14_7990_5109_retrieval.png,data/raw/SCGM/extracted/TMGN_1814/val/map_256/14_7990_5109.png
val,14_7990_5114,14,7990,5114,14_7974_5130,True,0.128931,12.326528,20.082573,0.182417,data/raw/SCGM/extracted/TMGN_1814/val/rs_256/14_7990_5114.png,experiments/03_scgm_subset_reproduction/outputs/scgm_retrieval_baseline_generated_maps/14_7990_5114_retrieval.png,data/raw/SCGM/extracted/TMGN_1814/val/map_256/14_7990_5114.png
val,14_7990_5116,14,7990,5116,14_7969_5123,True,0.061291,33.692570,15.225021,0.079316,data/raw/SCGM/extracted/TMGN_1814/val/rs_256/14_7990_5116.png,experiments/03_scgm_subset_reproduction/outputs/scgm_retrieval_baseline_generated_maps/14_7990_5116_retrieval.png,data/raw/SCGM/extracted/TMGN_1814/val/map_256/14_7990_5116.png
val,14_7990_5130,14,7990,5130,14_7975_5123,True,0.025218,24.140976,18.332772,0.355588,data/raw/SCGM/extracted/TMGN_1814/val/rs_256/14_7990_5130.png,experiments/03_scgm_subset_reproduction/outputs/scgm_retrieval_baseline_generated_maps/14_7990_5130_retrieval.png,data/raw/SCGM/extracted/TMGN_1814/val/map_256/14_7990_5130.png
val,14_7990_5140,14,7990,5140,14_7975_5107,True,0.069060,24.567108,17.989919,0.269206,data/raw/SCGM/extracted/TMGN_1814/val/rs_256/14_7990_5140.png,experiments/03_scgm_subset_reproduction/outputs/scgm_retrieval_baseline_generated_maps/14_7990_5140_retrieval.png,data/raw/SCGM/extracted/TMGN_1814/val/map_256/14_7990_5140.png
val,14_7991_5104,14,7991,5104,14_7975_5109,True,0.077760,32.461506,16.439920,0.333892,data/raw/SCGM/extracted/TMGN_1814/val/rs_256/14_7991_5104.png,experiments/03_scgm_subset_reproduction/outputs/scgm_retrieval_baseline_generated_maps/14_7991_5104_retrieval.png,data/raw/SCGM/extracted/TMGN_1814/val/map_256/14_7991_5104.png
val,14_7991_5114,14,7991,5114,14_7974_5130,True,0.102184,11.016521,20.598853,0.199074,data/raw/SCGM/extracted/TMGN_1814/val/rs_256/14_7991_5114.png,experiments/03_scgm_subset_reproduction/outputs/scgm_retrieval_baseline_generated_maps/14_7991_5114_retrieval.png,data/raw/SCGM/extracted/TMGN_1814/val/map_256/14_7991_5114.png
val,14_7991_5118,14,7991,5118,14_7969_5111,True,0.032293,22.725266,16.989501,0.152804,data/raw/SCGM/extracted/TMGN_1814/val/rs_256/14_7991_5118.png,experiments/03_scgm_subset_reproduction/outputs/scgm_retrieval_baseline_generated_maps/14_7991_5118_retrieval.png,data/raw/SCGM/extracted/TMGN_1814/val/map_256/14_7991_5118.png
val,14_7991_5137,14,7991,5137,14_7975_5123,True,0.069035,24.726538,17.856100,0.315019,data/raw/SCGM/extracted/TMGN_1814/val/rs_256/14_7991_5137.png,experiments/03_scgm_subset_reproduction/outputs/scgm_retrieval_baseline_generated_maps/14_7991_5137_retrieval.png,data/raw/SCGM/extracted/TMGN_1814/val/map_256/14_7991_5137.png
val,14_7991_5142,14,7991,5142,14_7971_5108,True,0.036700,26.419119,17.513919,0.237243,data/raw/SCGM/extracted/TMGN_1814/val/rs_256/14_7991_5142.png,experiments/03_scgm_subset_reproduction/outputs/scgm_retrieval_baseline_generated_maps/14_7991_5142_retrieval.png,data/raw/SCGM/extracted/TMGN_1814/val/map_256/14_7991_5142.png
val,14_7992_5104,14,7992,5104,14_7973_5106,True,0.085251,8.639771,21.606089,0.207125,data/raw/SCGM/extracted/TMGN_1814/val/rs_256/14_7992_5104.png,experiments/03_scgm_subset_reproduction/outputs/scgm_retrieval_baseline_generated_maps/14_7992_5104_retrieval.png,data/raw/SCGM/extracted/TMGN_1814/val/map_256/14_7992_5104.png
val,14_7992_5113,14,7992,5113,14_7972_5129,True,0.176851,12.460831,19.467823,0.419112,data/raw/SCGM/extracted/TMGN_1814/val/rs_256/14_7992_5113.png,experiments/03_scgm_subset_reproduction/outputs/scgm_retrieval_baseline_generated_maps/14_7992_5113_retrieval.png,data/raw/SCGM/extracted/TMGN_1814/val/map_256/14_7992_5113.png
val,14_7992_5129,14,7992,5129,14_7975_5129,True,0.057139,2.944194,24.493144,0.495200,data/raw/SCGM/extracted/TMGN_1814/val/rs_256/14_7992_5129.png,experiments/03_scgm_subset_reproduction/outputs/scgm_retrieval_baseline_generated_maps/14_7992_5129_retrieval.png,data/raw/SCGM/extracted/TMGN_1814/val/map_256/14_7992_5129.png
val,14_7992_5143,14,7992,5143,14_7970_5114,True,0.055796,30.788000,17.233219,0.488405,data/raw/SCGM/extracted/TMGN_1814/val/rs_256/14_7992_5143.png,experiments/03_scgm_subset_reproduction/outputs/scgm_retrieval_baseline_generated_maps/14_7992_5143_retrieval.png,data/raw/SCGM/extracted/TMGN_1814/val/map_256/14_7992_5143.png
val,14_7993_5110,14,7993,5110,14_7974_5130,True,0.058364,9.763611,22.643600,0.222859,data/raw/SCGM/extracted/TMGN_1814/val/rs_256/14_7993_5110.png,experiments/03_scgm_subset_reproduction/outputs/scgm_retrieval_baseline_generated_maps/14_7993_5110_retrieval.png,data/raw/SCGM/extracted/TMGN_1814/val/map_256/14_7993_5110.png
val,14_7993_5114,14,7993,5114,14_7973_5130,True,0.048329,14.403549,19.605767,0.156737,data/raw/SCGM/extracted/TMGN_1814/val/rs_256/14_7993_5114.png,experiments/03_scgm_subset_reproduction/outputs/scgm_retrieval_baseline_generated_maps/14_7993_5114_retrieval.png,data/raw/SCGM/extracted/TMGN_1814/val/map_256/14_7993_5114.png
val,14_7993_5116,14,7993,5116,14_7974_5130,True,0.053134,6.843877,25.042677,0.279962,data/raw/SCGM/extracted/TMGN_1814/val/rs_256/14_7993_5116.png,experiments/03_scgm_subset_reproduction/outputs/scgm_retrieval_baseline_generated_maps/14_7993_5116_retrieval.png,data/raw/SCGM/extracted/TMGN_1814/val/map_256/14_7993_5116.png
val,14_7993_5117,14,7993,5117,14_7972_5129,True,0.044937,16.815750,18.237757,0.368904,data/raw/SCGM/extracted/TMGN_1814/val/rs_256/14_7993_5117.png,experiments/03_scgm_subset_reproduction/outputs/scgm_retrieval_baseline_generated_maps/14_7993_5117_retrieval.png,data/raw/SCGM/extracted/TMGN_1814/val/map_256/14_7993_5117.png
val,14_7993_5122,14,7993,5122,14_7971_5118,True,0.030093,20.351313,18.173117,0.155364,data/raw/SCGM/extracted/TMGN_1814/val/rs_256/14_7993_5122.png,experiments/03_scgm_subset_reproduction/outputs/scgm_retrieval_baseline_generated_maps/14_7993_5122_retrieval.png,data/raw/SCGM/extracted/TMGN_1814/val/map_256/14_7993_5122.png
val,14_7994_5132,14,7994,5132,14_7974_5126,True,0.077812,24.988434,17.937885,0.213312,data/raw/SCGM/extracted/TMGN_1814/val/rs_256/14_7994_5132.png,experiments/03_scgm_subset_reproduction/outputs/scgm_retrieval_baseline_generated_maps/14_7994_5132_retrieval.png,data/raw/SCGM/extracted/TMGN_1814/val/map_256/14_7994_5132.png
val,14_7994_5135,14,7994,5135,14_7975_5107,True,0.078653,24.651011,17.969294,0.248745,data/raw/SCGM/extracted/TMGN_1814/val/rs_256/14_7994_5135.png,experiments/03_scgm_subset_reproduction/outputs/scgm_retrieval_baseline_generated_maps/14_7994_5135_retrieval.png,data/raw/SCGM/extracted/TMGN_1814/val/map_256/14_7994_5135.png
val,14_7994_5137,14,7994,5137,14_7975_5120,True,0.060257,31.796576,16.911795,0.444703,data/raw/SCGM/extracted/TMGN_1814/val/rs_256/14_7994_5137.png,experiments/03_scgm_subset_reproduction/outputs/scgm_retrieval_baseline_generated_maps/14_7994_5137_retrieval.png,data/raw/SCGM/extracted/TMGN_1814/val/map_256/14_7994_5137.png
val,14_7995_5113,14,7995,5113,14_7972_5129,True,0.294495,16.936127,17.819214,0.040054,data/raw/SCGM/extracted/TMGN_1814/val/rs_256/14_7995_5113.png,experiments/03_scgm_subset_reproduction/outputs/scgm_retrieval_baseline_generated_maps/14_7995_5113_retrieval.png,data/raw/SCGM/extracted/TMGN_1814/val/map_256/14_7995_5113.png
val,14_7995_5116,14,7995,5116,14_7972_5129,True,0.072486,23.199173,17.046765,-0.122815,data/raw/SCGM/extracted/TMGN_1814/val/rs_256/14_7995_5116.png,experiments/03_scgm_subset_reproduction/outputs/scgm_retrieval_baseline_generated_maps/14_7995_5116_retrieval.png,data/raw/SCGM/extracted/TMGN_1814/val/map_256/14_7995_5116.png
val,14_7995_5117,14,7995,5117,14_7972_5129,True,0.156841,17.414566,18.019227,-0.004496,data/raw/SCGM/extracted/TMGN_1814/val/rs_256/14_7995_5117.png,experiments/03_scgm_subset_reproduction/outputs/scgm_retrieval_baseline_generated_maps/14_7995_5117_retrieval.png,data/raw/SCGM/extracted/TMGN_1814/val/map_256/14_7995_5117.png
val,14_7995_5120,14,7995,5120,14_7976_5107,True,0.029484,22.634497,18.412644,0.156960,data/raw/SCGM/extracted/TMGN_1814/val/rs_256/14_7995_5120.png,experiments/03_scgm_subset_reproduction/outputs/scgm_retrieval_baseline_generated_maps/14_7995_5120_retrieval.png,data/raw/SCGM/extracted/TMGN_1814/val/map_256/14_7995_5120.png
val,14_7995_5127,14,7995,5127,14_7975_5130,True,0.072900,2.991486,29.275704,0.467621,data/raw/SCGM/extracted/TMGN_1814/val/rs_256/14_7995_5127.png,experiments/03_scgm_subset_reproduction/outputs/scgm_retrieval_baseline_generated_maps/14_7995_5127_retrieval.png,data/raw/SCGM/extracted/TMGN_1814/val/map_256/14_7995_5127.png
val,14_7996_5109,14,7996,5109,14_7972_5129,True,0.049910,17.483658,18.363131,0.332390,data/raw/SCGM/extracted/TMGN_1814/val/rs_256/14_7996_5109.png,experiments/03_scgm_subset_reproduction/outputs/scgm_retrieval_baseline_generated_maps/14_7996_5109_retrieval.png,data/raw/SCGM/extracted/TMGN_1814/val/map_256/14_7996_5109.png
val,14_7996_5110,14,7996,5110,14_7974_5130,True,0.076315,7.962982,23.557554,0.201309,data/raw/SCGM/extracted/TMGN_1814/val/rs_256/14_7996_5110.png,experiments/03_scgm_subset_reproduction/outputs/scgm_retrieval_baseline_generated_maps/14_7996_5110_retrieval.png,data/raw/SCGM/extracted/TMGN_1814/val/map_256/14_7996_5110.png
val,14_7996_5122,14,7996,5122,14_7971_5109,True,0.059149,17.125259,19.532473,0.019893,data/raw/SCGM/extracted/TMGN_1814/val/rs_256/14_7996_5122.png,experiments/03_scgm_subset_reproduction/outputs/scgm_retrieval_baseline_generated_maps/14_7996_5122_retrieval.png,data/raw/SCGM/extracted/TMGN_1814/val/map_256/14_7996_5122.png
val,14_7996_5125,14,7996,5125,14_7970_5122,True,0.070786,25.790415,16.131192,0.197012,data/raw/SCGM/extracted/TMGN_1814/val/rs_256/14_7996_5125.png,experiments/03_scgm_subset_reproduction/outputs/scgm_retrieval_baseline_generated_maps/14_7996_5125_retrieval.png,data/raw/SCGM/extracted/TMGN_1814/val/map_256/14_7996_5125.png
val,14_7996_5133,14,7996,5133,14_7972_5126,True,0.044424,18.317652,18.986873,0.183249,data/raw/SCGM/extracted/TMGN_1814/val/rs_256/14_7996_5133.png,experiments/03_scgm_subset_reproduction/outputs/scgm_retrieval_baseline_generated_maps/14_7996_5133_retrieval.png,data/raw/SCGM/extracted/TMGN_1814/val/map_256/14_7996_5133.png
val,14_7996_5142,14,7996,5142,14_7972_5125,True,0.059133,7.213287,23.787115,0.305665,data/raw/SCGM/extracted/TMGN_1814/val/rs_256/14_7996_5142.png,experiments/03_scgm_subset_reproduction/outputs/scgm_retrieval_baseline_generated_maps/14_7996_5142_retrieval.png,data/raw/SCGM/extracted/TMGN_1814/val/map_256/14_7996_5142.png
val,14_7997_5121,14,7997,5121,14_7969_5115,True,0.053507,35.012516,15.133921,0.169134,data/raw/SCGM/extracted/TMGN_1814/val/rs_256/14_7997_5121.png,experiments/03_scgm_subset_reproduction/outputs/scgm_retrieval_baseline_generated_maps/14_7997_5121_retrieval.png,data/raw/SCGM/extracted/TMGN_1814/val/map_256/14_7997_5121.png
val,14_7997_5123,14,7997,5123,14_7976_5123,True,0.076281,10.647298,21.767504,0.353097,data/raw/SCGM/extracted/TMGN_1814/val/rs_256/14_7997_5123.png,experiments/03_scgm_subset_reproduction/outputs/scgm_retrieval_baseline_generated_maps/14_7997_5123_retrieval.png,data/raw/SCGM/extracted/TMGN_1814/val/map_256/14_7997_5123.png
val,14_7998_5114,14,7998,5114,14_7972_5129,True,0.237641,20.152552,16.587149,0.074367,data/raw/SCGM/extracted/TMGN_1814/val/rs_256/14_7998_5114.png,experiments/03_scgm_subset_reproduction/outputs/scgm_retrieval_baseline_generated_maps/14_7998_5114_retrieval.png,data/raw/SCGM/extracted/TMGN_1814/val/map_256/14_7998_5114.png
val,14_7998_5120,14,7998,5120,14_7976_5109,True,0.048787,33.807674,16.233556,0.296604,data/raw/SCGM/extracted/TMGN_1814/val/rs_256/14_7998_5120.png,experiments/03_scgm_subset_reproduction/outputs/scgm_retrieval_baseline_generated_maps/14_7998_5120_retrieval.png,data/raw/SCGM/extracted/TMGN_1814/val/map_256/14_7998_5120.png
val,14_7999_5112,14,7999,5112,14_7972_5129,True,0.240489,19.383814,16.670025,0.093568,data/raw/SCGM/extracted/TMGN_1814/val/rs_256/14_7999_5112.png,experiments/03_scgm_subset_reproduction/outputs/scgm_retrieval_baseline_generated_maps/14_7999_5112_retrieval.png,data/raw/SCGM/extracted/TMGN_1814/val/map_256/14_7999_5112.png
val,14_7999_5114,14,7999,5114,14_7972_5129,True,0.143779,25.071802,16.136069,0.100925,data/raw/SCGM/extracted/TMGN_1814/val/rs_256/14_7999_5114.png,experiments/03_scgm_subset_reproduction/outputs/scgm_retrieval_baseline_generated_maps/14_7999_5114_retrieval.png,data/raw/SCGM/extracted/TMGN_1814/val/map_256/14_7999_5114.png
val,14_7999_5127,14,7999,5127,14_7976_5119,True,0.057667,31.048874,17.195573,0.708336,data/raw/SCGM/extracted/TMGN_1814/val/rs_256/14_7999_5127.png,experiments/03_scgm_subset_reproduction/outputs/scgm_retrieval_baseline_generated_maps/14_7999_5127_retrieval.png,data/raw/SCGM/extracted/TMGN_1814/val/map_256/14_7999_5127.png
val,14_8000_5112,14,8000,5112,14_7972_5129,True,0.123029,22.673065,15.985982,-0.032915,data/raw/SCGM/extracted/TMGN_1814/val/rs_256/14_8000_5112.png,experiments/03_scgm_subset_reproduction/outputs/scgm_retrieval_baseline_generated_maps/14_8000_5112_retrieval.png,data/raw/SCGM/extracted/TMGN_1814/val/map_256/14_8000_5112.png
val,14_8000_5113,14,8000,5113,14_7972_5129,True,0.186850,15.127594,18.538959,0.061339,data/raw/SCGM/extracted/TMGN_1814/val/rs_256/14_8000_5113.png,experiments/03_scgm_subset_reproduction/outputs/scgm_retrieval_baseline_generated_maps/14_8000_5113_retrieval.png,data/raw/SCGM/extracted/TMGN_1814/val/map_256/14_8000_5113.png
val,14_8000_5116,14,8000,5116,14_7972_5129,True,0.056234,15.477885,18.535621,0.093015,data/raw/SCGM/extracted/TMGN_1814/val/rs_256/14_8000_5116.png,experiments/03_scgm_subset_reproduction/outputs/scgm_retrieval_baseline_generated_maps/14_8000_5116_retrieval.png,data/raw/SCGM/extracted/TMGN_1814/val/map_256/14_8000_5116.png
val,14_8001_5111,14,8001,5111,14_7972_5129,True,0.063039,21.406927,16.799144,-0.032078,data/raw/SCGM/extracted/TMGN_1814/val/rs_256/14_8001_5111.png,experiments/03_scgm_subset_reproduction/outputs/scgm_retrieval_baseline_generated_maps/14_8001_5111_retrieval.png,data/raw/SCGM/extracted/TMGN_1814/val/map_256/14_8001_5111.png
val,14_8002_5104,14,8002,5104,14_7975_5130,True,0.051050,5.215566,25.312475,0.290761,data/raw/SCGM/extracted/TMGN_1814/val/rs_256/14_8002_5104.png,experiments/03_scgm_subset_reproduction/outputs/scgm_retrieval_baseline_generated_maps/14_8002_5104_retrieval.png,data/raw/SCGM/extracted/TMGN_1814/val/map_256/14_8002_5104.png
val,14_8002_5117,14,8002,5117,14_7971_5124,True,0.049042,15.422150,19.746390,0.115440,data/raw/SCGM/extracted/TMGN_1814/val/rs_256/14_8002_5117.png,experiments/03_scgm_subset_reproduction/outputs/scgm_retrieval_baseline_generated_maps/14_8002_5117_retrieval.png,data/raw/SCGM/extracted/TMGN_1814/val/map_256/14_8002_5117.png
val,14_8002_5127,14,8002,5127,14_7975_5129,True,0.069721,3.339584,24.246781,0.446762,data/raw/SCGM/extracted/TMGN_1814/val/rs_256/14_8002_5127.png,experiments/03_scgm_subset_reproduction/outputs/scgm_retrieval_baseline_generated_maps/14_8002_5127_retrieval.png,data/raw/SCGM/extracted/TMGN_1814/val/map_256/14_8002_5127.png
val,14_8003_5107,14,8003,5107,14_7973_5105,True,0.068719,18.490555,18.661393,0.117517,data/raw/SCGM/extracted/TMGN_1814/val/rs_256/14_8003_5107.png,experiments/03_scgm_subset_reproduction/outputs/scgm_retrieval_baseline_generated_maps/14_8003_5107_retrieval.png,data/raw/SCGM/extracted/TMGN_1814/val/map_256/14_8003_5107.png
val,14_8003_5109,14,8003,5109,14_7971_5128,True,0.103719,21.453817,16.393193,0.099659,data/raw/SCGM/extracted/TMGN_1814/val/rs_256/14_8003_5109.png,experiments/03_scgm_subset_reproduction/outputs/scgm_retrieval_baseline_generated_maps/14_8003_5109_retrieval.png,data/raw/SCGM/extracted/TMGN_1814/val/map_256/14_8003_5109.png
val,14_8003_5112,14,8003,5112,14_7972_5129,True,0.227113,18.415258,17.354366,0.083690,data/raw/SCGM/extracted/TMGN_1814/val/rs_256/14_8003_5112.png,experiments/03_scgm_subset_reproduction/outputs/scgm_retrieval_baseline_generated_maps/14_8003_5112_retrieval.png,data/raw/SCGM/extracted/TMGN_1814/val/map_256/14_8003_5112.png
val,14_8004_5091,14,8004,5091,14_7975_5125,True,0.038583,3.586349,24.537398,0.437027,data/raw/SCGM/extracted/TMGN_1814/val/rs_256/14_8004_5091.png,experiments/03_scgm_subset_reproduction/outputs/scgm_retrieval_baseline_generated_maps/14_8004_5091_retrieval.png,data/raw/SCGM/extracted/TMGN_1814/val/map_256/14_8004_5091.png
val,14_8004_5106,14,8004,5106,14_7976_5107,True,0.056461,20.431091,18.982312,0.246847,data/raw/SCGM/extracted/TMGN_1814/val/rs_256/14_8004_5106.png,experiments/03_scgm_subset_reproduction/outputs/scgm_retrieval_baseline_generated_maps/14_8004_5106_retrieval.png,data/raw/SCGM/extracted/TMGN_1814/val/map_256/14_8004_5106.png
val,14_8005_5091,14,8005,5091,14_7975_5129,True,0.070269,4.492096,22.261324,0.397008,data/raw/SCGM/extracted/TMGN_1814/val/rs_256/14_8005_5091.png,experiments/03_scgm_subset_reproduction/outputs/scgm_retrieval_baseline_generated_maps/14_8005_5091_retrieval.png,data/raw/SCGM/extracted/TMGN_1814/val/map_256/14_8005_5091.png
val,14_8006_5109,14,8006,5109,14_7973_5127,True,0.046609,11.070953,20.136864,0.215030,data/raw/SCGM/extracted/TMGN_1814/val/rs_256/14_8006_5109.png,experiments/03_scgm_subset_reproduction/outputs/scgm_retrieval_baseline_generated_maps/14_8006_5109_retrieval.png,data/raw/SCGM/extracted/TMGN_1814/val/map_256/14_8006_5109.png
val,14_8006_5114,14,8006,5114,14_7970_5126,True,0.083033,10.005005,19.771700,0.194490,data/raw/SCGM/extracted/TMGN_1814/val/rs_256/14_8006_5114.png,experiments/03_scgm_subset_reproduction/outputs/scgm_retrieval_baseline_generated_maps/14_8006_5114_retrieval.png,data/raw/SCGM/extracted/TMGN_1814/val/map_256/14_8006_5114.png
val,14_8006_5118,14,8006,5118,14_7974_5105,True,0.070678,18.200796,18.404784,0.032581,data/raw/SCGM/extracted/TMGN_1814/val/rs_256/14_8006_5118.png,experiments/03_scgm_subset_reproduction/outputs/scgm_retrieval_baseline_generated_maps/14_8006_5118_retrieval.png,data/raw/SCGM/extracted/TMGN_1814/val/map_256/14_8006_5118.png
val,14_8007_5104,14,8007,5104,14_7973_5105,True,0.080066,17.241730,19.006135,0.198075,data/raw/SCGM/extracted/TMGN_1814/val/rs_256/14_8007_5104.png,experiments/03_scgm_subset_reproduction/outputs/scgm_retrieval_baseline_generated_maps/14_8007_5104_retrieval.png,data/raw/SCGM/extracted/TMGN_1814/val/map_256/14_8007_5104.png
val,14_8007_5120,14,8007,5120,14_7975_5130,True,0.080839,7.903056,24.094139,0.273305,data/raw/SCGM/extracted/TMGN_1814/val/rs_256/14_8007_5120.png,experiments/03_scgm_subset_reproduction/outputs/scgm_retrieval_baseline_generated_maps/14_8007_5120_retrieval.png,data/raw/SCGM/extracted/TMGN_1814/val/map_256/14_8007_5120.png
val,14_8008_5115,14,8008,5115,14_7975_5106,True,0.063495,12.889816,18.744540,0.219335,data/raw/SCGM/extracted/TMGN_1814/val/rs_256/14_8008_5115.png,experiments/03_scgm_subset_reproduction/outputs/scgm_retrieval_baseline_generated_maps/14_8008_5115_retrieval.png,data/raw/SCGM/extracted/TMGN_1814/val/map_256/14_8008_5115.png
val,14_8008_5126,14,8008,5126,14_7974_5126,True,0.079644,25.331381,17.820050,0.209399,data/raw/SCGM/extracted/TMGN_1814/val/rs_256/14_8008_5126.png,experiments/03_scgm_subset_reproduction/outputs/scgm_retrieval_baseline_generated_maps/14_8008_5126_retrieval.png,data/raw/SCGM/extracted/TMGN_1814/val/map_256/14_8008_5126.png
val,14_8010_5093,14,8010,5093,14_7971_5120,True,0.043139,27.539047,17.166665,0.285548,data/raw/SCGM/extracted/TMGN_1814/val/rs_256/14_8010_5093.png,experiments/03_scgm_subset_reproduction/outputs/scgm_retrieval_baseline_generated_maps/14_8010_5093_retrieval.png,data/raw/SCGM/extracted/TMGN_1814/val/map_256/14_8010_5093.png
val,14_8010_5105,14,8010,5105,14_7973_5105,True,0.059207,19.642935,17.823023,0.070354,data/raw/SCGM/extracted/TMGN_1814/val/rs_256/14_8010_5105.png,experiments/03_scgm_subset_reproduction/outputs/scgm_retrieval_baseline_generated_maps/14_8010_5105_retrieval.png,data/raw/SCGM/extracted/TMGN_1814/val/map_256/14_8010_5105.png
val,14_8010_5106,14,8010,5106,14_7975_5106,True,0.057166,12.838501,19.986314,0.135092,data/raw/SCGM/extracted/TMGN_1814/val/rs_256/14_8010_5106.png,experiments/03_scgm_subset_reproduction/outputs/scgm_retrieval_baseline_generated_maps/14_8010_5106_retrieval.png,data/raw/SCGM/extracted/TMGN_1814/val/map_256/14_8010_5106.png
val,14_8010_5114,14,8010,5114,14_7972_5125,True,0.095715,8.128413,22.951422,0.241046,data/raw/SCGM/extracted/TMGN_1814/val/rs_256/14_8010_5114.png,experiments/03_scgm_subset_reproduction/outputs/scgm_retrieval_baseline_generated_maps/14_8010_5114_retrieval.png,data/raw/SCGM/extracted/TMGN_1814/val/map_256/14_8010_5114.png
val,14_8010_5115,14,8010,5115,14_7974_5130,True,0.259910,7.183853,21.833414,0.327341,data/raw/SCGM/extracted/TMGN_1814/val/rs_256/14_8010_5115.png,experiments/03_scgm_subset_reproduction/outputs/scgm_retrieval_baseline_generated_maps/14_8010_5115_retrieval.png,data/raw/SCGM/extracted/TMGN_1814/val/map_256/14_8010_5115.png
val,14_8010_5120,14,8010,5120,14_7972_5125,True,0.039928,12.592839,19.946680,0.096217,data/raw/SCGM/extracted/TMGN_1814/val/rs_256/14_8010_5120.png,experiments/03_scgm_subset_reproduction/outputs/scgm_retrieval_baseline_generated_maps/14_8010_5120_retrieval.png,data/raw/SCGM/extracted/TMGN_1814/val/map_256/14_8010_5120.png
val,14_8012_5108,14,8012,5108,14_7971_5120,True,0.050429,27.775497,17.109354,0.295323,data/raw/SCGM/extracted/TMGN_1814/val/rs_256/14_8012_5108.png,experiments/03_scgm_subset_reproduction/outputs/scgm_retrieval_baseline_generated_maps/14_8012_5108_retrieval.png,data/raw/SCGM/extracted/TMGN_1814/val/map_256/14_8012_5108.png
val,14_8012_5113,14,8012,5113,14_7970_5126,True,0.074697,7.109995,22.644343,0.307518,data/raw/SCGM/extracted/TMGN_1814/val/rs_256/14_8012_5113.png,experiments/03_scgm_subset_reproduction/outputs/scgm_retrieval_baseline_generated_maps/14_8012_5113_retrieval.png,data/raw/SCGM/extracted/TMGN_1814/val/map_256/14_8012_5113.png
