baseline,tile_a,tile_b,direction,generated_seam_absdiff,target_seam_absdiff,generated_minus_target,stress_ratio,generated_a_path,generated_b_path
color-stat retrieval,14_7980_5147,14_7981_5147,right,5.864583,2.743490,3.121094,2.137637,experiments/03_scgm_subset_reproduction/outputs/scgm_retrieval_baseline_generated_maps/14_7980_5147_retrieval.png,experiments/03_scgm_subset_reproduction/outputs/scgm_retrieval_baseline_generated_maps/14_7981_5147_retrieval.png
color-stat retrieval,14_7990_5114,14_7991_5114,right,7.117188,8.635417,-1.518229,0.824186,experiments/03_scgm_subset_reproduction/outputs/scgm_retrieval_baseline_generated_maps/14_7990_5114_retrieval.png,experiments/03_scgm_subset_reproduction/outputs/scgm_retrieval_baseline_generated_maps/14_7991_5114_retrieval.png
color-stat retrieval,14_7991_5104,14_7992_5104,right,34.066406,0.445312,33.621094,76.500000,experiments/03_scgm_subset_reproduction/outputs/scgm_retrieval_baseline_generated_maps/14_7991_5104_retrieval.png,experiments/03_scgm_subset_reproduction/outputs/scgm_retrieval_baseline_generated_maps/14_7992_5104_retrieval.png
color-stat retrieval,14_7993_5116,14_7993_5117,down,5.723958,2.083333,3.640625,2.747500,experiments/03_scgm_subset_reproduction/outputs/scgm_retrieval_baseline_generated_maps/14_7993_5116_retrieval.png,experiments/03_scgm_subset_reproduction/outputs/scgm_retrieval_baseline_generated_maps/14_7993_5117_retrieval.png
color-stat retrieval,14_7995_5116,14_7995_5117,down,22.808594,6.001302,16.807292,3.800607,experiments/03_scgm_subset_reproduction/outputs/scgm_retrieval_baseline_generated_maps/14_7995_5116_retrieval.png,experiments/03_scgm_subset_reproduction/outputs/scgm_retrieval_baseline_generated_maps/14_7995_5117_retrieval.png
color-stat retrieval,14_7996_5109,14_7996_5110,down,23.703125,2.597656,21.105469,9.124812,experiments/03_scgm_subset_reproduction/outputs/scgm_retrieval_baseline_generated_maps/14_7996_5109_retrieval.png,experiments/03_scgm_subset_reproduction/outputs/scgm_retrieval_baseline_generated_maps/14_7996_5110_retrieval.png
color-stat retrieval,14_7998_5114,14_7999_5114,right,35.988281,9.363281,26.625000,3.843554,experiments/03_scgm_subset_reproduction/outputs/scgm_retrieval_baseline_generated_maps/14_7998_5114_retrieval.png,experiments/03_scgm_subset_reproduction/outputs/scgm_retrieval_baseline_generated_maps/14_7999_5114_retrieval.png
color-stat retrieval,14_7999_5112,14_8000_5112,right,35.988281,2.322917,33.665365,15.492712,experiments/03_scgm_subset_reproduction/outputs/scgm_retrieval_baseline_generated_maps/14_7999_5112_retrieval.png,experiments/03_scgm_subset_reproduction/outputs/scgm_retrieval_baseline_generated_maps/14_8000_5112_retrieval.png
color-stat retrieval,14_8000_5112,14_8000_5113,down,22.808594,4.080729,18.727865,5.589343,experiments/03_scgm_subset_reproduction/outputs/scgm_retrieval_baseline_generated_maps/14_8000_5112_retrieval.png,experiments/03_scgm_subset_reproduction/outputs/scgm_retrieval_baseline_generated_maps/14_8000_5113_retrieval.png
color-stat retrieval,14_8004_5091,14_8005_5091,right,3.302083,2.190104,1.111979,1.507729,experiments/03_scgm_subset_reproduction/outputs/scgm_retrieval_baseline_generated_maps/14_8004_5091_retrieval.png,experiments/03_scgm_subset_reproduction/outputs/scgm_retrieval_baseline_generated_maps/14_8005_5091_retrieval.png
color-stat retrieval,14_8010_5105,14_8010_5106,down,28.343750,8.839844,19.503906,3.206363,experiments/03_scgm_subset_reproduction/outputs/scgm_retrieval_baseline_generated_maps/14_8010_5105_retrieval.png,experiments/03_scgm_subset_reproduction/outputs/scgm_retrieval_baseline_generated_maps/14_8010_5106_retrieval.png
color-stat retrieval,14_8010_5114,14_8010_5115,down,15.361979,4.307292,11.054688,3.566506,experiments/03_scgm_subset_reproduction/outputs/scgm_retrieval_baseline_generated_maps/14_8010_5114_retrieval.png,experiments/03_scgm_subset_reproduction/outputs/scgm_retrieval_baseline_generated_maps/14_8010_5115_retrieval.png
multi-feature retrieval,14_7980_5147,14_7981_5147,right,40.063801,2.743490,37.320311,14.603227,experiments/03_scgm_subset_reproduction/outputs/scgm_multifeature_retrieval_generated_maps/14_7980_5147_multifeature_retrieval.png,experiments/03_scgm_subset_reproduction/outputs/scgm_multifeature_retrieval_generated_maps/14_7981_5147_multifeature_retrieval.png
multi-feature retrieval,14_7990_5114,14_7991_5114,right,29.811197,8.635417,21.175780,3.452201,experiments/03_scgm_subset_reproduction/outputs/scgm_multifeature_retrieval_generated_maps/14_7990_5114_multifeature_retrieval.png,experiments/03_scgm_subset_reproduction/outputs/scgm_multifeature_retrieval_generated_maps/14_7991_5114_multifeature_retrieval.png
multi-feature retrieval,14_7991_5104,14_7992_5104,right,31.606771,0.445312,31.161459,70.976610,experiments/03_scgm_subset_reproduction/outputs/scgm_multifeature_retrieval_generated_maps/14_7991_5104_multifeature_retrieval.png,experiments/03_scgm_subset_reproduction/outputs/scgm_multifeature_retrieval_generated_maps/14_7992_5104_multifeature_retrieval.png
multi-feature retrieval,14_7993_5116,14_7993_5117,down,36.221355,2.083333,34.138022,17.386251,experiments/03_scgm_subset_reproduction/outputs/scgm_multifeature_retrieval_generated_maps/14_7993_5116_multifeature_retrieval.png,experiments/03_scgm_subset_reproduction/outputs/scgm_multifeature_retrieval_generated_maps/14_7993_5117_multifeature_retrieval.png
multi-feature retrieval,14_7995_5116,14_7995_5117,down,32.485676,6.001302,26.484374,5.413104,experiments/03_scgm_subset_reproduction/outputs/scgm_multifeature_retrieval_generated_maps/14_7995_5116_multifeature_retrieval.png,experiments/03_scgm_subset_reproduction/outputs/scgm_multifeature_retrieval_generated_maps/14_7995_5117_multifeature_retrieval.png
multi-feature retrieval,14_7996_5109,14_7996_5110,down,32.618488,2.597656,30.020832,12.556892,experiments/03_scgm_subset_reproduction/outputs/scgm_multifeature_retrieval_generated_maps/14_7996_5109_multifeature_retrieval.png,experiments/03_scgm_subset_reproduction/outputs/scgm_multifeature_retrieval_generated_maps/14_7996_5110_multifeature_retrieval.png
multi-feature retrieval,14_7998_5114,14_7999_5114,right,31.471354,9.363281,22.108072,3.361146,experiments/03_scgm_subset_reproduction/outputs/scgm_multifeature_retrieval_generated_maps/14_7998_5114_multifeature_retrieval.png,experiments/03_scgm_subset_reproduction/outputs/scgm_multifeature_retrieval_generated_maps/14_7999_5114_multifeature_retrieval.png
multi-feature retrieval,14_7999_5112,14_8000_5112,right,1.144531,2.322917,-1.178385,0.492713,experiments/03_scgm_subset_reproduction/outputs/scgm_multifeature_retrieval_generated_maps/14_7999_5112_multifeature_retrieval.png,experiments/03_scgm_subset_reproduction/outputs/scgm_multifeature_retrieval_generated_maps/14_8000_5112_multifeature_retrieval.png
multi-feature retrieval,14_8000_5112,14_8000_5113,down,32.520832,4.080729,28.440103,7.969368,experiments/03_scgm_subset_reproduction/outputs/scgm_multifeature_retrieval_generated_maps/14_8000_5112_multifeature_retrieval.png,experiments/03_scgm_subset_reproduction/outputs/scgm_multifeature_retrieval_generated_maps/14_8000_5113_multifeature_retrieval.png
multi-feature retrieval,14_8004_5091,14_8005_5091,right,4.980469,2.190104,2.790365,2.274078,experiments/03_scgm_subset_reproduction/outputs/scgm_multifeature_retrieval_generated_maps/14_8004_5091_multifeature_retrieval.png,experiments/03_scgm_subset_reproduction/outputs/scgm_multifeature_retrieval_generated_maps/14_8005_5091_multifeature_retrieval.png
multi-feature retrieval,14_8010_5105,14_8010_5106,down,8.839844,8.839844,0.000000,1.000000,experiments/03_scgm_subset_reproduction/outputs/scgm_multifeature_retrieval_generated_maps/14_8010_5105_multifeature_retrieval.png,experiments/03_scgm_subset_reproduction/outputs/scgm_multifeature_retrieval_generated_maps/14_8010_5106_multifeature_retrieval.png
multi-feature retrieval,14_8010_5114,14_8010_5115,down,7.312500,4.307292,3.005208,1.697703,experiments/03_scgm_subset_reproduction/outputs/scgm_multifeature_retrieval_generated_maps/14_8010_5114_multifeature_retrieval.png,experiments/03_scgm_subset_reproduction/outputs/scgm_multifeature_retrieval_generated_maps/14_8010_5115_multifeature_retrieval.png
learned forest,14_7980_5147,14_7981_5147,right,3.641927,2.743490,0.898438,1.327480,experiments/03_scgm_subset_reproduction/outputs/scgm_learned_forest_generated_maps/14_7980_5147_learned_forest.png,experiments/03_scgm_subset_reproduction/outputs/scgm_learned_forest_generated_maps/14_7981_5147_learned_forest.png
learned forest,14_7990_5114,14_7991_5114,right,4.984375,8.635417,-3.651042,0.577201,experiments/03_scgm_subset_reproduction/outputs/scgm_learned_forest_generated_maps/14_7990_5114_learned_forest.png,experiments/03_scgm_subset_reproduction/outputs/scgm_learned_forest_generated_maps/14_7991_5114_learned_forest.png
learned forest,14_7991_5104,14_7992_5104,right,2.635417,0.445312,2.190104,5.918129,experiments/03_scgm_subset_reproduction/outputs/scgm_learned_forest_generated_maps/14_7991_5104_learned_forest.png,experiments/03_scgm_subset_reproduction/outputs/scgm_learned_forest_generated_maps/14_7992_5104_learned_forest.png
learned forest,14_7993_5116,14_7993_5117,down,6.071615,2.083333,3.988281,2.914375,experiments/03_scgm_subset_reproduction/outputs/scgm_learned_forest_generated_maps/14_7993_5116_learned_forest.png,experiments/03_scgm_subset_reproduction/outputs/scgm_learned_forest_generated_maps/14_7993_5117_learned_forest.png
learned forest,14_7995_5116,14_7995_5117,down,5.000000,6.001302,-1.001302,0.833153,experiments/03_scgm_subset_reproduction/outputs/scgm_learned_forest_generated_maps/14_7995_5116_learned_forest.png,experiments/03_scgm_subset_reproduction/outputs/scgm_learned_forest_generated_maps/14_7995_5117_learned_forest.png
learned forest,14_7996_5109,14_7996_5110,down,4.231771,2.597656,1.634115,1.629073,experiments/03_scgm_subset_reproduction/outputs/scgm_learned_forest_generated_maps/14_7996_5109_learned_forest.png,experiments/03_scgm_subset_reproduction/outputs/scgm_learned_forest_generated_maps/14_7996_5110_learned_forest.png
learned forest,14_7998_5114,14_7999_5114,right,4.020833,9.363281,-5.342448,0.429426,experiments/03_scgm_subset_reproduction/outputs/scgm_learned_forest_generated_maps/14_7998_5114_learned_forest.png,experiments/03_scgm_subset_reproduction/outputs/scgm_learned_forest_generated_maps/14_7999_5114_learned_forest.png
learned forest,14_7999_5112,14_8000_5112,right,4.134115,2.322917,1.811198,1.779709,experiments/03_scgm_subset_reproduction/outputs/scgm_learned_forest_generated_maps/14_7999_5112_learned_forest.png,experiments/03_scgm_subset_reproduction/outputs/scgm_learned_forest_generated_maps/14_8000_5112_learned_forest.png
learned forest,14_8000_5112,14_8000_5113,down,4.161458,4.080729,0.080729,1.019783,experiments/03_scgm_subset_reproduction/outputs/scgm_learned_forest_generated_maps/14_8000_5112_learned_forest.png,experiments/03_scgm_subset_reproduction/outputs/scgm_learned_forest_generated_maps/14_8000_5113_learned_forest.png
learned forest,14_8004_5091,14_8005_5091,right,6.401042,2.190104,4.210937,2.922711,experiments/03_scgm_subset_reproduction/outputs/scgm_learned_forest_generated_maps/14_8004_5091_learned_forest.png,experiments/03_scgm_subset_reproduction/outputs/scgm_learned_forest_generated_maps/14_8005_5091_learned_forest.png
learned forest,14_8010_5105,14_8010_5106,down,5.274740,8.839844,-3.565104,0.596701,experiments/03_scgm_subset_reproduction/outputs/scgm_learned_forest_generated_maps/14_8010_5105_learned_forest.png,experiments/03_scgm_subset_reproduction/outputs/scgm_learned_forest_generated_maps/14_8010_5106_learned_forest.png
learned forest,14_8010_5114,14_8010_5115,down,4.785156,4.307292,0.477865,1.110943,experiments/03_scgm_subset_reproduction/outputs/scgm_learned_forest_generated_maps/14_8010_5114_learned_forest.png,experiments/03_scgm_subset_reproduction/outputs/scgm_learned_forest_generated_maps/14_8010_5115_learned_forest.png
neural MLP,14_7980_5147,14_7981_5147,right,16.092447,2.743490,13.348958,5.865686,experiments/03_scgm_subset_reproduction/outputs/scgm_mlp_generated_maps/14_7980_5147_mlp.png,experiments/03_scgm_subset_reproduction/outputs/scgm_mlp_generated_maps/14_7981_5147_mlp.png
neural MLP,14_7990_5114,14_7991_5114,right,0.000000,8.635417,-8.635417,0.000000,experiments/03_scgm_subset_reproduction/outputs/scgm_mlp_generated_maps/14_7990_5114_mlp.png,experiments/03_scgm_subset_reproduction/outputs/scgm_mlp_generated_maps/14_7991_5114_mlp.png
neural MLP,14_7991_5104,14_7992_5104,right,74.692711,0.445312,74.247398,167.731000,experiments/03_scgm_subset_reproduction/outputs/scgm_mlp_generated_maps/14_7991_5104_mlp.png,experiments/03_scgm_subset_reproduction/outputs/scgm_mlp_generated_maps/14_7992_5104_mlp.png
neural MLP,14_7993_5116,14_7993_5117,down,0.023438,2.083333,-2.059896,0.011250,experiments/03_scgm_subset_reproduction/outputs/scgm_mlp_generated_maps/14_7993_5116_mlp.png,experiments/03_scgm_subset_reproduction/outputs/scgm_mlp_generated_maps/14_7993_5117_mlp.png
neural MLP,14_7995_5116,14_7995_5117,down,0.000000,6.001302,-6.001302,0.000000,experiments/03_scgm_subset_reproduction/outputs/scgm_mlp_generated_maps/14_7995_5116_mlp.png,experiments/03_scgm_subset_reproduction/outputs/scgm_mlp_generated_maps/14_7995_5117_mlp.png
neural MLP,14_7996_5109,14_7996_5110,down,0.135417,2.597656,-2.462240,0.052130,experiments/03_scgm_subset_reproduction/outputs/scgm_mlp_generated_maps/14_7996_5109_mlp.png,experiments/03_scgm_subset_reproduction/outputs/scgm_mlp_generated_maps/14_7996_5110_mlp.png
neural MLP,14_7998_5114,14_7999_5114,right,0.000000,9.363281,-9.363281,0.000000,experiments/03_scgm_subset_reproduction/outputs/scgm_mlp_generated_maps/14_7998_5114_mlp.png,experiments/03_scgm_subset_reproduction/outputs/scgm_mlp_generated_maps/14_7999_5114_mlp.png
neural MLP,14_7999_5112,14_8000_5112,right,0.000000,2.322917,-2.322917,0.000000,experiments/03_scgm_subset_reproduction/outputs/scgm_mlp_generated_maps/14_7999_5112_mlp.png,experiments/03_scgm_subset_reproduction/outputs/scgm_mlp_generated_maps/14_8000_5112_mlp.png
neural MLP,14_8000_5112,14_8000_5113,down,0.000000,4.080729,-4.080729,0.000000,experiments/03_scgm_subset_reproduction/outputs/scgm_mlp_generated_maps/14_8000_5112_mlp.png,experiments/03_scgm_subset_reproduction/outputs/scgm_mlp_generated_maps/14_8000_5113_mlp.png
neural MLP,14_8004_5091,14_8005_5091,right,24.438803,2.190104,22.248698,11.158739,experiments/03_scgm_subset_reproduction/outputs/scgm_mlp_generated_maps/14_8004_5091_mlp.png,experiments/03_scgm_subset_reproduction/outputs/scgm_mlp_generated_maps/14_8005_5091_mlp.png
neural MLP,14_8010_5105,14_8010_5106,down,30.207031,8.839844,21.367188,3.417145,experiments/03_scgm_subset_reproduction/outputs/scgm_mlp_generated_maps/14_8010_5105_mlp.png,experiments/03_scgm_subset_reproduction/outputs/scgm_mlp_generated_maps/14_8010_5106_mlp.png
neural MLP,14_8010_5114,14_8010_5115,down,0.000000,4.307292,-4.307292,0.000000,experiments/03_scgm_subset_reproduction/outputs/scgm_mlp_generated_maps/14_8010_5114_mlp.png,experiments/03_scgm_subset_reproduction/outputs/scgm_mlp_generated_maps/14_8010_5115_mlp.png
local-context ridge,14_7980_5147,14_7981_5147,right,6.069010,2.743490,3.325521,2.212150,experiments/03_scgm_subset_reproduction/outputs/scgm_local_context_ridge_generated_maps/14_7980_5147_local_context_ridge.png,experiments/03_scgm_subset_reproduction/outputs/scgm_local_context_ridge_generated_maps/14_7981_5147_local_context_ridge.png
local-context ridge,14_7990_5114,14_7991_5114,right,7.290365,8.635417,-1.345052,0.844240,experiments/03_scgm_subset_reproduction/outputs/scgm_local_context_ridge_generated_maps/14_7990_5114_local_context_ridge.png,experiments/03_scgm_subset_reproduction/outputs/scgm_local_context_ridge_generated_maps/14_7991_5114_local_context_ridge.png
local-context ridge,14_7991_5104,14_7992_5104,right,4.635417,0.445312,4.190104,10.409356,experiments/03_scgm_subset_reproduction/outputs/scgm_local_context_ridge_generated_maps/14_7991_5104_local_context_ridge.png,experiments/03_scgm_subset_reproduction/outputs/scgm_local_context_ridge_generated_maps/14_7992_5104_local_context_ridge.png
local-context ridge,14_7993_5116,14_7993_5117,down,7.183594,2.083333,5.100260,3.448125,experiments/03_scgm_subset_reproduction/outputs/scgm_local_context_ridge_generated_maps/14_7993_5116_local_context_ridge.png,experiments/03_scgm_subset_reproduction/outputs/scgm_local_context_ridge_generated_maps/14_7993_5117_local_context_ridge.png
local-context ridge,14_7995_5116,14_7995_5117,down,12.412761,6.001302,6.411458,2.068345,experiments/03_scgm_subset_reproduction/outputs/scgm_local_context_ridge_generated_maps/14_7995_5116_local_context_ridge.png,experiments/03_scgm_subset_reproduction/outputs/scgm_local_context_ridge_generated_maps/14_7995_5117_local_context_ridge.png
local-context ridge,14_7996_5109,14_7996_5110,down,6.316406,2.597656,3.718750,2.431579,experiments/03_scgm_subset_reproduction/outputs/scgm_local_context_ridge_generated_maps/14_7996_5109_local_context_ridge.png,experiments/03_scgm_subset_reproduction/outputs/scgm_local_context_ridge_generated_maps/14_7996_5110_local_context_ridge.png
local-context ridge,14_7998_5114,14_7999_5114,right,10.625000,9.363281,1.261719,1.134752,experiments/03_scgm_subset_reproduction/outputs/scgm_local_context_ridge_generated_maps/14_7998_5114_local_context_ridge.png,experiments/03_scgm_subset_reproduction/outputs/scgm_local_context_ridge_generated_maps/14_7999_5114_local_context_ridge.png
local-context ridge,14_7999_5112,14_8000_5112,right,8.540364,2.322917,6.217448,3.676569,experiments/03_scgm_subset_reproduction/outputs/scgm_local_context_ridge_generated_maps/14_7999_5112_local_context_ridge.png,experiments/03_scgm_subset_reproduction/outputs/scgm_local_context_ridge_generated_maps/14_8000_5112_local_context_ridge.png
local-context ridge,14_8000_5112,14_8000_5113,down,9.973958,4.080729,5.893229,2.444161,experiments/03_scgm_subset_reproduction/outputs/scgm_local_context_ridge_generated_maps/14_8000_5112_local_context_ridge.png,experiments/03_scgm_subset_reproduction/outputs/scgm_local_context_ridge_generated_maps/14_8000_5113_local_context_ridge.png
local-context ridge,14_8004_5091,14_8005_5091,right,5.242188,2.190104,3.052083,2.393579,experiments/03_scgm_subset_reproduction/outputs/scgm_local_context_ridge_generated_maps/14_8004_5091_local_context_ridge.png,experiments/03_scgm_subset_reproduction/outputs/scgm_local_context_ridge_generated_maps/14_8005_5091_local_context_ridge.png
local-context ridge,14_8010_5105,14_8010_5106,down,7.276042,8.839844,-1.563802,0.823096,experiments/03_scgm_subset_reproduction/outputs/scgm_local_context_ridge_generated_maps/14_8010_5105_local_context_ridge.png,experiments/03_scgm_subset_reproduction/outputs/scgm_local_context_ridge_generated_maps/14_8010_5106_local_context_ridge.png
local-context ridge,14_8010_5114,14_8010_5115,down,11.339844,4.307292,7.032552,2.632709,experiments/03_scgm_subset_reproduction/outputs/scgm_local_context_ridge_generated_maps/14_8010_5114_local_context_ridge.png,experiments/03_scgm_subset_reproduction/outputs/scgm_local_context_ridge_generated_maps/14_8010_5115_local_context_ridge.png
convolutional filter-bank ridge,14_7980_5147,14_7981_5147,right,3.842448,2.743490,1.098958,1.400570,experiments/03_scgm_subset_reproduction/outputs/scgm_convolutional_filter_ridge_generated_maps/14_7980_5147_conv_filter_ridge.png,experiments/03_scgm_subset_reproduction/outputs/scgm_convolutional_filter_ridge_generated_maps/14_7981_5147_conv_filter_ridge.png
convolutional filter-bank ridge,14_7990_5114,14_7991_5114,right,6.852865,8.635417,-1.782552,0.793577,experiments/03_scgm_subset_reproduction/outputs/scgm_convolutional_filter_ridge_generated_maps/14_7990_5114_conv_filter_ridge.png,experiments/03_scgm_subset_reproduction/outputs/scgm_convolutional_filter_ridge_generated_maps/14_7991_5114_conv_filter_ridge.png
convolutional filter-bank ridge,14_7991_5104,14_7992_5104,right,4.175781,0.445312,3.730469,9.377193,experiments/03_scgm_subset_reproduction/outputs/scgm_convolutional_filter_ridge_generated_maps/14_7991_5104_conv_filter_ridge.png,experiments/03_scgm_subset_reproduction/outputs/scgm_convolutional_filter_ridge_generated_maps/14_7992_5104_conv_filter_ridge.png
convolutional filter-bank ridge,14_7993_5116,14_7993_5117,down,4.128906,2.083333,2.045573,1.981875,experiments/03_scgm_subset_reproduction/outputs/scgm_convolutional_filter_ridge_generated_maps/14_7993_5116_conv_filter_ridge.png,experiments/03_scgm_subset_reproduction/outputs/scgm_convolutional_filter_ridge_generated_maps/14_7993_5117_conv_filter_ridge.png
convolutional filter-bank ridge,14_7995_5116,14_7995_5117,down,9.358073,6.001302,3.356771,1.559340,experiments/03_scgm_subset_reproduction/outputs/scgm_convolutional_filter_ridge_generated_maps/14_7995_5116_conv_filter_ridge.png,experiments/03_scgm_subset_reproduction/outputs/scgm_convolutional_filter_ridge_generated_maps/14_7995_5117_conv_filter_ridge.png
convolutional filter-bank ridge,14_7996_5109,14_7996_5110,down,5.398438,2.597656,2.800781,2.078195,experiments/03_scgm_subset_reproduction/outputs/scgm_convolutional_filter_ridge_generated_maps/14_7996_5109_conv_filter_ridge.png,experiments/03_scgm_subset_reproduction/outputs/scgm_convolutional_filter_ridge_generated_maps/14_7996_5110_conv_filter_ridge.png
convolutional filter-bank ridge,14_7998_5114,14_7999_5114,right,6.191406,9.363281,-3.171875,0.661243,experiments/03_scgm_subset_reproduction/outputs/scgm_convolutional_filter_ridge_generated_maps/14_7998_5114_conv_filter_ridge.png,experiments/03_scgm_subset_reproduction/outputs/scgm_convolutional_filter_ridge_generated_maps/14_7999_5114_conv_filter_ridge.png
convolutional filter-bank ridge,14_7999_5112,14_8000_5112,right,6.617188,2.322917,4.294271,2.848655,experiments/03_scgm_subset_reproduction/outputs/scgm_convolutional_filter_ridge_generated_maps/14_7999_5112_conv_filter_ridge.png,experiments/03_scgm_subset_reproduction/outputs/scgm_convolutional_filter_ridge_generated_maps/14_8000_5112_conv_filter_ridge.png
convolutional filter-bank ridge,14_8000_5112,14_8000_5113,down,9.342448,4.080729,5.261719,2.289407,experiments/03_scgm_subset_reproduction/outputs/scgm_convolutional_filter_ridge_generated_maps/14_8000_5112_conv_filter_ridge.png,experiments/03_scgm_subset_reproduction/outputs/scgm_convolutional_filter_ridge_generated_maps/14_8000_5113_conv_filter_ridge.png
convolutional filter-bank ridge,14_8004_5091,14_8005_5091,right,5.363281,2.190104,3.173177,2.448870,experiments/03_scgm_subset_reproduction/outputs/scgm_convolutional_filter_ridge_generated_maps/14_8004_5091_conv_filter_ridge.png,experiments/03_scgm_subset_reproduction/outputs/scgm_convolutional_filter_ridge_generated_maps/14_8005_5091_conv_filter_ridge.png
convolutional filter-bank ridge,14_8010_5105,14_8010_5106,down,4.992188,8.839844,-3.847656,0.564737,experiments/03_scgm_subset_reproduction/outputs/scgm_convolutional_filter_ridge_generated_maps/14_8010_5105_conv_filter_ridge.png,experiments/03_scgm_subset_reproduction/outputs/scgm_convolutional_filter_ridge_generated_maps/14_8010_5106_conv_filter_ridge.png
convolutional filter-bank ridge,14_8010_5114,14_8010_5115,down,8.559896,4.307292,4.252604,1.987304,experiments/03_scgm_subset_reproduction/outputs/scgm_convolutional_filter_ridge_generated_maps/14_8010_5114_conv_filter_ridge.png,experiments/03_scgm_subset_reproduction/outputs/scgm_convolutional_filter_ridge_generated_maps/14_8010_5115_conv_filter_ridge.png
patch-embedding retrieval,14_7980_5147,14_7981_5147,right,10.264323,2.743490,7.520834,3.741339,experiments/03_scgm_subset_reproduction/outputs/scgm_patch_embedding_retrieval_generated_maps/14_7980_5147_patch_embedding_retrieval.png,experiments/03_scgm_subset_reproduction/outputs/scgm_patch_embedding_retrieval_generated_maps/14_7981_5147_patch_embedding_retrieval.png
patch-embedding retrieval,14_7990_5114,14_7991_5114,right,13.345052,8.635417,4.709635,1.545386,experiments/03_scgm_subset_reproduction/outputs/scgm_patch_embedding_retrieval_generated_maps/14_7990_5114_patch_embedding_retrieval.png,experiments/03_scgm_subset_reproduction/outputs/scgm_patch_embedding_retrieval_generated_maps/14_7991_5114_patch_embedding_retrieval.png
patch-embedding retrieval,14_7991_5104,14_7992_5104,right,12.722656,0.445312,12.277344,28.570175,experiments/03_scgm_subset_reproduction/outputs/scgm_patch_embedding_retrieval_generated_maps/14_7991_5104_patch_embedding_retrieval.png,experiments/03_scgm_subset_reproduction/outputs/scgm_patch_embedding_retrieval_generated_maps/14_7992_5104_patch_embedding_retrieval.png
patch-embedding retrieval,14_7993_5116,14_7993_5117,down,8.167969,2.083333,6.084635,3.920625,experiments/03_scgm_subset_reproduction/outputs/scgm_patch_embedding_retrieval_generated_maps/14_7993_5116_patch_embedding_retrieval.png,experiments/03_scgm_subset_reproduction/outputs/scgm_patch_embedding_retrieval_generated_maps/14_7993_5117_patch_embedding_retrieval.png
patch-embedding retrieval,14_7995_5116,14_7995_5117,down,17.364584,6.001302,11.363282,2.893469,experiments/03_scgm_subset_reproduction/outputs/scgm_patch_embedding_retrieval_generated_maps/14_7995_5116_patch_embedding_retrieval.png,experiments/03_scgm_subset_reproduction/outputs/scgm_patch_embedding_retrieval_generated_maps/14_7995_5117_patch_embedding_retrieval.png
patch-embedding retrieval,14_7996_5109,14_7996_5110,down,4.446615,2.597656,1.848958,1.711780,experiments/03_scgm_subset_reproduction/outputs/scgm_patch_embedding_retrieval_generated_maps/14_7996_5109_patch_embedding_retrieval.png,experiments/03_scgm_subset_reproduction/outputs/scgm_patch_embedding_retrieval_generated_maps/14_7996_5110_patch_embedding_retrieval.png
patch-embedding retrieval,14_7998_5114,14_7999_5114,right,11.851562,9.363281,2.488281,1.265749,experiments/03_scgm_subset_reproduction/outputs/scgm_patch_embedding_retrieval_generated_maps/14_7998_5114_patch_embedding_retrieval.png,experiments/03_scgm_subset_reproduction/outputs/scgm_patch_embedding_retrieval_generated_maps/14_7999_5114_patch_embedding_retrieval.png
patch-embedding retrieval,14_7999_5112,14_8000_5112,right,11.161458,2.322917,8.838541,4.804932,experiments/03_scgm_subset_reproduction/outputs/scgm_patch_embedding_retrieval_generated_maps/14_7999_5112_patch_embedding_retrieval.png,experiments/03_scgm_subset_reproduction/outputs/scgm_patch_embedding_retrieval_generated_maps/14_8000_5112_patch_embedding_retrieval.png
patch-embedding retrieval,14_8000_5112,14_8000_5113,down,6.578125,4.080729,2.497396,1.611998,experiments/03_scgm_subset_reproduction/outputs/scgm_patch_embedding_retrieval_generated_maps/14_8000_5112_patch_embedding_retrieval.png,experiments/03_scgm_subset_reproduction/outputs/scgm_patch_embedding_retrieval_generated_maps/14_8000_5113_patch_embedding_retrieval.png
patch-embedding retrieval,14_8004_5091,14_8005_5091,right,18.781250,2.190104,16.591146,8.575505,experiments/03_scgm_subset_reproduction/outputs/scgm_patch_embedding_retrieval_generated_maps/14_8004_5091_patch_embedding_retrieval.png,experiments/03_scgm_subset_reproduction/outputs/scgm_patch_embedding_retrieval_generated_maps/14_8005_5091_patch_embedding_retrieval.png
patch-embedding retrieval,14_8010_5105,14_8010_5106,down,11.605469,8.839844,2.765625,1.312859,experiments/03_scgm_subset_reproduction/outputs/scgm_patch_embedding_retrieval_generated_maps/14_8010_5105_patch_embedding_retrieval.png,experiments/03_scgm_subset_reproduction/outputs/scgm_patch_embedding_retrieval_generated_maps/14_8010_5106_patch_embedding_retrieval.png
patch-embedding retrieval,14_8010_5114,14_8010_5115,down,10.558594,4.307292,6.251302,2.451330,experiments/03_scgm_subset_reproduction/outputs/scgm_patch_embedding_retrieval_generated_maps/14_8010_5114_patch_embedding_retrieval.png,experiments/03_scgm_subset_reproduction/outputs/scgm_patch_embedding_retrieval_generated_maps/14_8010_5115_patch_embedding_retrieval.png
trained tiny CNN,14_7980_5147,14_7981_5147,right,4.753906,2.743490,2.010417,1.732795,experiments/03_scgm_subset_reproduction/outputs/scgm_tiny_cnn_generated_maps/14_7980_5147_tiny_cnn.png,experiments/03_scgm_subset_reproduction/outputs/scgm_tiny_cnn_generated_maps/14_7981_5147_tiny_cnn.png
trained tiny CNN,14_7990_5114,14_7991_5114,right,4.932292,8.635417,-3.703125,0.571170,experiments/03_scgm_subset_reproduction/outputs/scgm_tiny_cnn_generated_maps/14_7990_5114_tiny_cnn.png,experiments/03_scgm_subset_reproduction/outputs/scgm_tiny_cnn_generated_maps/14_7991_5114_tiny_cnn.png
trained tiny CNN,14_7991_5104,14_7992_5104,right,5.016927,0.445312,4.571615,11.266082,experiments/03_scgm_subset_reproduction/outputs/scgm_tiny_cnn_generated_maps/14_7991_5104_tiny_cnn.png,experiments/03_scgm_subset_reproduction/outputs/scgm_tiny_cnn_generated_maps/14_7992_5104_tiny_cnn.png
trained tiny CNN,14_7993_5116,14_7993_5117,down,13.761719,2.083333,11.678385,6.605625,experiments/03_scgm_subset_reproduction/outputs/scgm_tiny_cnn_generated_maps/14_7993_5116_tiny_cnn.png,experiments/03_scgm_subset_reproduction/outputs/scgm_tiny_cnn_generated_maps/14_7993_5117_tiny_cnn.png
trained tiny CNN,14_7995_5116,14_7995_5117,down,14.268229,6.001302,8.266927,2.377522,experiments/03_scgm_subset_reproduction/outputs/scgm_tiny_cnn_generated_maps/14_7995_5116_tiny_cnn.png,experiments/03_scgm_subset_reproduction/outputs/scgm_tiny_cnn_generated_maps/14_7995_5117_tiny_cnn.png
trained tiny CNN,14_7996_5109,14_7996_5110,down,14.089844,2.597656,11.492188,5.424060,experiments/03_scgm_subset_reproduction/outputs/scgm_tiny_cnn_generated_maps/14_7996_5109_tiny_cnn.png,experiments/03_scgm_subset_reproduction/outputs/scgm_tiny_cnn_generated_maps/14_7996_5110_tiny_cnn.png
trained tiny CNN,14_7998_5114,14_7999_5114,right,5.464844,9.363281,-3.898438,0.583646,experiments/03_scgm_subset_reproduction/outputs/scgm_tiny_cnn_generated_maps/14_7998_5114_tiny_cnn.png,experiments/03_scgm_subset_reproduction/outputs/scgm_tiny_cnn_generated_maps/14_7999_5114_tiny_cnn.png
trained tiny CNN,14_7999_5112,14_8000_5112,right,4.699219,2.322917,2.376302,2.022982,experiments/03_scgm_subset_reproduction/outputs/scgm_tiny_cnn_generated_maps/14_7999_5112_tiny_cnn.png,experiments/03_scgm_subset_reproduction/outputs/scgm_tiny_cnn_generated_maps/14_8000_5112_tiny_cnn.png
trained tiny CNN,14_8000_5112,14_8000_5113,down,15.696614,4.080729,11.615885,3.846522,experiments/03_scgm_subset_reproduction/outputs/scgm_tiny_cnn_generated_maps/14_8000_5112_tiny_cnn.png,experiments/03_scgm_subset_reproduction/outputs/scgm_tiny_cnn_generated_maps/14_8000_5113_tiny_cnn.png
trained tiny CNN,14_8004_5091,14_8005_5091,right,5.408854,2.190104,3.218750,2.469679,experiments/03_scgm_subset_reproduction/outputs/scgm_tiny_cnn_generated_maps/14_8004_5091_tiny_cnn.png,experiments/03_scgm_subset_reproduction/outputs/scgm_tiny_cnn_generated_maps/14_8005_5091_tiny_cnn.png
trained tiny CNN,14_8010_5105,14_8010_5106,down,11.985677,8.839844,3.145833,1.355870,experiments/03_scgm_subset_reproduction/outputs/scgm_tiny_cnn_generated_maps/14_8010_5105_tiny_cnn.png,experiments/03_scgm_subset_reproduction/outputs/scgm_tiny_cnn_generated_maps/14_8010_5106_tiny_cnn.png
trained tiny CNN,14_8010_5114,14_8010_5115,down,10.584636,4.307292,6.277344,2.457376,experiments/03_scgm_subset_reproduction/outputs/scgm_tiny_cnn_generated_maps/14_8010_5114_tiny_cnn.png,experiments/03_scgm_subset_reproduction/outputs/scgm_tiny_cnn_generated_maps/14_8010_5115_tiny_cnn.png
