artifact_family,artifact_scope,detected_license_or_terms,evidence,upstream_remote,upstream_commit,release_posture,public_release_action
project_created_code,"manuscript scripts, experiment scripts, prompt builders, audit builders",author-controlled,manuscripts/q1_geo_genai_reliability/scripts; experiments/*/scripts,,,choose an OSI-compatible code license for project-created code,Recommended action: add a top-level LICENSE for project-created code and note that third-party data are excluded/source-linked.
project_created_manuscript_evidence,"derived CSV/JSON summaries, tables, figures, contact sheets, QA ledgers, manifests",author-controlled-with-third-party-context,submission/reproducibility_manifest.csv; tables; figures; derived outputs,,,release derived summaries openly when they do not embed restricted upstream data,Recommended action: license derived metadata/tables separately from raw third-party data; use source links for reconstructing restricted inputs.
SCGM,upstream repository and raw/source artifacts,CC-BY-4.0,data/repos/SCGM/LICENSE,https://github.com/Magician-MO/SCGM.git,a3ea795af8f095af46bb44a97ff652bb264d3639,source-link raw data; derived metrics may be released with attribution notes,Retain upstream attribution; do not redistribute bulky raw tiles unless final license review confirms scope.
MapGenerator,upstream repository and raw/source artifacts,research-preview-noncommercial-readme,data/repos/MapGenerator/README.md,https://github.com/AGI-GIS/MapGenerator.git,55b7156ce26601ca077d5b0f1c56972cd53ade3a,source-link only for raw data and upstream content,Exclude raw images/captions from open DOI package; release only derived audit summaries and reconstruction instructions.
Materials-for-Creating-maps-by-Artificial-Intelligence,upstream repository and raw/source artifacts,CC0-1.0,data/repos/Materials-for-Creating-maps-by-Artificial-Intelligence/LICENSE,https://github.com/GeoAI-Map/Materials-for-Creating-maps-by-Artificial-Intelligence.git,f844100c845f083a598405a86f2c69c927837b13,source-link or include only if third-party embedded data rights remain compatible,Do not assume all nested data are rights-cleared; include attribution/source note even when CC0 applies.
generative-ai-mapmaking,upstream repository and raw/source artifacts,no-license-file-readme-only,data/repos/generative-ai-mapmaking/README.md,https://github.com/claudaff/generative-ai-mapmaking.git,4c8e16d2ab2ffe3ad57e8995071c8f52bddecff3,source-link only until license terms are confirmed,Exclude raw upstream content from public package; retain URL/commit/access notes.
local_llm_vlm_outputs,"generated code, repair attempts, VLM reviews, local model names, logs",model-output-policy-dependent,experiments/05_choropleth_reliability_benchmark/outputs; submission/evaluator_reliability,,,release as study evidence if model/output terms permit,"Preserve prompts, model names, timestamps, and safety scans; recheck local model licenses before public upload."
model_weights_and_checkpoints,"Stable Diffusion, CLIP/SigLIP, Ollama/VLM models, SCGM checkpoints",not_redistributed,release plan excludes local model caches and weights,,,source-link or documented acquisition only,Do not upload weights/checkpoints unless the license explicitly permits redistribution.
double_anonymous_review_package,"blinded manuscript, supplement manifests, reviewer-facing summaries",review-only,submission/blinded_main_manuscript.md; submission/blinded_compact_main_manuscript.md,,,keep blinded artifacts separate from non-blinded DOI metadata,Upload blinded files to review portal; add non-blinded authors/DOI/license only after review-route policy is confirmed.
